{
  "IcoMoonType": "selection",
  "icons": [
    {
      "icon": {
        "paths": [
          "M960 320h-192v-96c0-88.366-171.922-160-384-160s-384 71.634-384 160v640c0 88.366 171.922 160 384 160s384-71.634 384-160v-96h192c35.346 0 64-28.654 64-64v-320c0-35.346-28.654-64-64-64zM176.056 258.398c-36.994-12.19-59.408-25.246-71.41-34.398 12.004-9.152 34.416-22.208 71.41-34.398 57.942-19.090 131.79-29.602 207.944-29.602s150.004 10.512 207.944 29.602c36.994 12.188 59.408 25.246 71.41 34.398-12.002 9.152-34.416 22.208-71.41 34.398-57.94 19.090-131.79 29.602-207.944 29.602s-150.002-10.512-207.944-29.602zM896 640h-128v-192h128v192z"
        ],
        "attrs": [
          {}
        ],
        "isMulticolor": false,
        "isMulticolor2": false,
        "tags": [
          "mug",
          "drink",
          "glass",
          "beverage"
        ],
        "grid": 16
      },
      "attrs": [
        {}
      ],
      "properties": {
        "order": 1,
        "id": 0,
        "prevSize": 32,
        "name": "mug"
      },
      "setIdx": 0,
      "setId": 5,
      "iconIdx": 0
    }
  ],
  "height": 1024,
  "preferences": {
    "showGlyphs": true,
    "showCodes": true,
    "showQuickUse": true,
    "showQuickUse2": true,
    "showSVGs": true,
    "fontPref": {
      "prefix": "icon-",
      "metadata": {},
      "metrics": {
        "emSize": 1024,
        "baseline": 6.25,
        "whitespace": 50
      }
    },
    "imagePref": {
      "prefix": "icon-",
      "png": true,
      "useClassSelector": true,
      "color": 0,
      "bgColor": 16777215,
      "name": "icomoon",
      "classSelector": ".icon"
    },
    "historySize": 50
  }
}